DrugID,DiseaseCount,AssociatedDiseases1,AssociatedDiseases2,AssociatedDiseases3,AssociatedDiseases4,AssociatedDiseases5,AssociatedDiseases6,AssociatedDiseases7,AssociatedDiseases8,AssociatedDiseases9,AssociatedDiseases10,AssociatedDiseases11,AssociatedDiseases12,AssociatedDiseases13,AssociatedDiseases14,AssociatedDiseases15,AssociatedDiseases16,AssociatedDiseases17,AssociatedDiseases18,AssociatedDiseases19,AssociatedDiseases20,AssociatedDiseases21,AssociatedDiseases22,AssociatedDiseases23,AssociatedDiseases24,AssociatedDiseases25,AssociatedDiseases26,AssociatedDiseases27,AssociatedDiseases28,AssociatedDiseases29,AssociatedDiseases30,AssociatedDiseases31,AssociatedDiseases32,AssociatedDiseases33,AssociatedDiseases34,AssociatedDiseases35,AssociatedDiseases36,AssociatedDiseases37,AssociatedDiseases38
DB00014,4,D114480,D131200,D176807,D601518,,,,,,,,,,,,,,,,,,,,,,,,,,,,,,,,,,
DB00035,8,D125700,D134430,D134500,D193400,D277480,D304900,D600631,D600808,,,,,,,,,,,,,,,,,,,,,,,,,,,,,,
DB00091,2,D152700,D254200,,,,,,,,,,,,,,,,,,,,,,,,,,,,,,,,,,,,
DB00104,1,D125852,,,,,,,,,,,,,,,,,,,,,,,,,,,,,,,,,,,,,
DB00115,1,D170900,,,,,,,,,,,,,,,,,,,,,,,,,,,,,,,,,,,,,
DB00122,6,D140600,D147530,D165720,D208230,D607459,D607850,,,,,,,,,,,,,,,,,,,,,,,,,,,,,,,,
DB00125,1,D220120,,,,,,,,,,,,,,,,,,,,,,,,,,,,,,,,,,,,,
DB00126,3,D206200,D240400,D250790,,,,,,,,,,,,,,,,,,,,,,,,,,,,,,,,,,,
DB00131,1,D194200,,,,,,,,,,,,,,,,,,,,,,,,,,,,,,,,,,,,,
DB00136,8,D146200,D146255,D166710,D264700,D277440,D277460,D307700,D600081,,,,,,,,,,,,,,,,,,,,,,,,,,,,,,
DB00140,1,D145590,,,,,,,,,,,,,,,,,,,,,,,,,,,,,,,,,,,,,
DB00141,3,D140600,D165720,D607850,,,,,,,,,,,,,,,,,,,,,,,,,,,,,,,,,,,
DB00146,6,D146200,D166710,D264700,D277440,D307700,D600081,,,,,,,,,,,,,,,,,,,,,,,,,,,,,,,,
DB00152,1,D277730,,,,,,,,,,,,,,,,,,,,,,,,,,,,,,,,,,,,,
DB00153,10,D134600,D146200,D146255,D166710,D241519,D259660,D264700,D277440,D307700,D600081,,,,,,,,,,,,,,,,,,,,,,,,,,,,
DB00158,1,D261100,,,,,,,,,,,,,,,,,,,,,,,,,,,,,,,,,,,,,
DB00159,1,D219700,,,,,,,,,,,,,,,,,,,,,,,,,,,,,,,,,,,,,
DB00160,1,D261515,,,,,,,,,,,,,,,,,,,,,,,,,,,,,,,,,,,,,
DB00162,2,D115300,D277350,,,,,,,,,,,,,,,,,,,,,,,,,,,,,,,,,,,,
DB00163,15,D104300,D104310,D125320,D200170,D230450,D231900,D266120,D277460,D602096,D605055,D605526,D606703,D606889,D607822,D608907,,,,,,,,,,,,,,,,,,,,,,,
DB00165,2,D217200,D239350,,,,,,,,,,,,,,,,,,,,,,,,,,,,,,,,,,,,
DB00167,4,D225740,D225755,D260970,D608033,,,,,,,,,,,,,,,,,,,,,,,,,,,,,,,,,,
DB00169,8,D102500,D146200,D166710,D264700,D266600,D277440,D307700,D600081,,,,,,,,,,,,,,,,,,,,,,,,,,,,,,
DB00175,2,D144010,D601367,,,,,,,,,,,,,,,,,,,,,,,,,,,,,,,,,,,,
DB00176,3,D164230,D167870,D607499,,,,,,,,,,,,,,,,,,,,,,,,,,,,,,,,,,,
DB00177,2,D161900,D608622,,,,,,,,,,,,,,,,,,,,,,,,,,,,,,,,,,,,
DB00178,4,D146255,D161900,D233100,D608622,,,,,,,,,,,,,,,,,,,,,,,,,,,,,,,,,,
DB00179,1,D106400,,,,,,,,,,,,,,,,,,,,,,,,,,,,,,,,,,,,,
DB00180,2,D208550,D600807,,,,,,,,,,,,,,,,,,,,,,,,,,,,,,,,,,,,
DB00181,8,D126200,D128101,D143100,D147530,D189600,D190400,D601042,D607225,,,,,,,,,,,,,,,,,,,,,,,,,,,,,,
DB00182,3,D143465,D161400,D605841,,,,,,,,,,,,,,,,,,,,,,,,,,,,,,,,,,,
DB00186,3,D167870,D189600,D252320,,,,,,,,,,,,,,,,,,,,,,,,,,,,,,,,,,,
DB00187,2,D161900,D608622,,,,,,,,,,,,,,,,,,,,,,,,,,,,,,,,,,,,
DB00188,1,D254500,,,,,,,,,,,,,,,,,,,,,,,,,,,,,,,,,,,,,
DB00190,4,D102300,D125320,D168100,D168600,,,,,,,,,,,,,,,,,,,,,,,,,,,,,,,,,,
DB00191,3,D264120,D303110,D601665,,,,,,,,,,,,,,,,,,,,,,,,,,,,,,,,,,,
DB00193,5,D102300,D140600,D147530,D165720,D607850,,,,,,,,,,,,,,,,,,,,,,,,,,,,,,,,,
DB00195,3,D137750,D161900,D608622,,,,,,,,,,,,,,,,,,,,,,,,,,,,,,,,,,,
DB00199,1,D604416,,,,,,,,,,,,,,,,,,,,,,,,,,,,,,,,,,,,,
DB00200,2,D170900,D607202,,,,,,,,,,,,,,,,,,,,,,,,,,,,,,,,,,,,
DB00201,5,D136200,D140600,D145590,D147530,D157300,,,,,,,,,,,,,,,,,,,,,,,,,,,,,,,,,
DB00203,3,D161900,D178600,D265400,,,,,,,,,,,,,,,,,,,,,,,,,,,,,,,,,,,
DB00204,3,D115000,D607554,D608583,,,,,,,,,,,,,,,,,,,,,,,,,,,,,,,,,,,
DB00206,2,D161900,D608622,,,,,,,,,,,,,,,,,,,,,,,,,,,,,,,,,,,,
DB00208,1,D188050,,,,,,,,,,,,,,,,,,,,,,,,,,,,,,,,,,,,,
DB00210,1,D604416,,,,,,,,,,,,,,,,,,,,,,,,,,,,,,,,,,,,,
DB00211,3,D146500,D157700,D252320,,,,,,,,,,,,,,,,,,,,,,,,,,,,,,,,,,,
DB00213,3,D109350,D190310,D600263,,,,,,,,,,,,,,,,,,,,,,,,,,,,,,,,,,,
DB00214,7,D146255,D161900,D166300,D208300,D215140,D600351,D608622,,,,,,,,,,,,,,,,,,,,,,,,,,,,,,,
DB00215,9,D103780,D131300,D164230,D167870,D182830,D225740,D225755,D260970,D608033,,,,,,,,,,,,,,,,,,,,,,,,,,,,,
DB00216,6,D157300,D300125,D607498,D607501,D607508,D607516,,,,,,,,,,,,,,,,,,,,,,,,,,,,,,,,
DB00218,1,D208550,,,,,,,,,,,,,,,,,,,,,,,,,,,,,,,,,,,,,
DB00221,3,D208550,D210050,D600807,,,,,,,,,,,,,,,,,,,,,,,,,,,,,,,,,,,
DB00222,4,D125850,D125851,D125853,D600496,,,,,,,,,,,,,,,,,,,,,,,,,,,,,,,,,,
DB00226,2,D161900,D608622,,,,,,,,,,,,,,,,,,,,,,,,,,,,,,,,,,,,
DB00227,2,D144010,D608320,,,,,,,,,,,,,,,,,,,,,,,,,,,,,,,,,,,,
DB00230,3,D102300,D147530,D165199,,,,,,,,,,,,,,,,,,,,,,,,,,,,,,,,,,,
DB00232,1,D215140,,,,,,,,,,,,,,,,,,,,,,,,,,,,,,,,,,,,,
DB00236,1,D608232,,,,,,,,,,,,,,,,,,,,,,,,,,,,,,,,,,,,,
DB00240,1,D233810,,,,,,,,,,,,,,,,,,,,,,,,,,,,,,,,,,,,,
DB00241,2,D145590,D157300,,,,,,,,,,,,,,,,,,,,,,,,,,,,,,,,,,,,
DB00242,5,D109543,D126200,D151400,D258360,D276300,,,,,,,,,,,,,,,,,,,,,,,,,,,,,,,,,
DB00244,1,D266600,,,,,,,,,,,,,,,,,,,,,,,,,,,,,,,,,,,,,
DB00245,3,D125320,D168100,D168600,,,,,,,,,,,,,,,,,,,,,,,,,,,,,,,,,,,
DB00246,2,D137580,D181500,,,,,,,,,,,,,,,,,,,,,,,,,,,,,,,,,,,,
DB00248,1,D600634,,,,,,,,,,,,,,,,,,,,,,,,,,,,,,,,,,,,,
DB00252,4,D104130,D115000,D165199,D217200,,,,,,,,,,,,,,,,,,,,,,,,,,,,,,,,,,
DB00253,4,D603165,D605804,D605805,D605844,,,,,,,,,,,,,,,,,,,,,,,,,,,,,,,,,,
DB00255,1,D276300,,,,,,,,,,,,,,,,,,,,,,,,,,,,,,,,,,,,,
DB00257,2,D114580,D212050,,,,,,,,,,,,,,,,,,,,,,,,,,,,,,,,,,,,
DB00262,7,D109543,D137800,D236000,D247640,D254500,D267730,D276300,,,,,,,,,,,,,,,,,,,,,,,,,,,,,,,
DB00264,7,D110100,D157700,D161900,D190300,D607554,D608583,D608622,,,,,,,,,,,,,,,,,,,,,,,,,,,,,,,
DB00268,12,D102300,D125320,D168100,D168600,D168601,D260300,D556500,D600116,D602404,D606324,D607060,D607688,,,,,,,,,,,,,,,,,,,,,,,,,,
DB00270,3,D161900,D179600,D608622,,,,,,,,,,,,,,,,,,,,,,,,,,,,,,,,,,,
DB00271,4,D603165,D605804,D605805,D605844,,,,,,,,,,,,,,,,,,,,,,,,,,,,,,,,,,
DB00273,8,D147530,D157300,D264120,D300125,D308350,D605021,D606369,D607499,,,,,,,,,,,,,,,,,,,,,,,,,,,,,,
DB00275,2,D161900,D608622,,,,,,,,,,,,,,,,,,,,,,,,,,,,,,,,,,,,
DB00276,2,D601626,D602439,,,,,,,,,,,,,,,,,,,,,,,,,,,,,,,,,,,,
DB00277,3,D208550,D210050,D600807,,,,,,,,,,,,,,,,,,,,,,,,,,,,,,,,,,,
DB00278,1,D188050,,,,,,,,,,,,,,,,,,,,,,,,,,,,,,,,,,,,,
DB00279,4,D138800,D140300,D255900,D275000,,,,,,,,,,,,,,,,,,,,,,,,,,,,,,,,,,
DB00280,1,D115000,,,,,,,,,,,,,,,,,,,,,,,,,,,,,,,,,,,,,
DB00281,1,D147530,,,,,,,,,,,,,,,,,,,,,,,,,,,,,,,,,,,,,
DB00282,9,D102400,D102500,D114480,D143880,D166300,D166710,D167320,D254500,D276300,,,,,,,,,,,,,,,,,,,,,,,,,,,,,
DB00283,5,D603165,D605804,D605805,D605844,D607154,,,,,,,,,,,,,,,,,,,,,,,,,,,,,,,,,
DB00284,4,D125850,D125851,D125853,D600496,,,,,,,,,,,,,,,,,,,,,,,,,,,,,,,,,,
DB00285,6,D131300,D143465,D147530,D164230,D167870,D607499,,,,,,,,,,,,,,,,,,,,,,,,,,,,,,,,
DB00286,8,D102500,D114480,D166710,D176807,D192000,D215470,D311360,D601518,,,,,,,,,,,,,,,,,,,,,,,,,,,,,,
DB00287,4,D137750,D137760,D161900,D601682,,,,,,,,,,,,,,,,,,,,,,,,,,,,,,,,,,
DB00289,1,D143465,,,,,,,,,,,,,,,,,,,,,,,,,,,,,,,,,,,,,
DB00290,7,D109543,D155600,D155601,D236000,D247640,D267730,D273300,,,,,,,,,,,,,,,,,,,,,,,,,,,,,,,
DB00295,1,D147530,,,,,,,,,,,,,,,,,,,,,,,,,,,,,,,,,,,,,
DB00297,1,D147530,,,,,,,,,,,,,,,,,,,,,,,,,,,,,,,,,,,,,
DB00302,5,D134430,D134500,D134510,D134520,D227300,,,,,,,,,,,,,,,,,,,,,,,,,,,,,,,,,
DB00304,3,D131200,D184700,D192000,,,,,,,,,,,,,,,,,,,,,,,,,,,,,,,,,,,
DB00305,2,D109800,D137215,,,,,,,,,,,,,,,,,,,,,,,,,,,,,,,,,,,,
DB00307,2,D254400,D276300,,,,,,,,,,,,,,,,,,,,,,,,,,,,,,,,,,,,
DB00308,2,D607554,D608583,,,,,,,,,,,,,,,,,,,,,,,,,,,,,,,,,,,,
DB00310,2,D161900,D608622,,,,,,,,,,,,,,,,,,,,,,,,,,,,,,,,,,,,
DB00313,8,D104130,D104300,D125320,D181500,D217200,D239350,D605055,D606369,,,,,,,,,,,,,,,,,,,,,,,,,,,,,,
DB00315,1,D157300,,,,,,,,,,,,,,,,,,,,,,,,,,,,,,,,,,,,,
DB00316,5,D140600,D145590,D147530,D157300,D608088,,,,,,,,,,,,,,,,,,,,,,,,,,,,,,,,,
DB00318,3,D140600,D145590,D608088,,,,,,,,,,,,,,,,,,,,,,,,,,,,,,,,,,,
DB00320,4,D145590,D157300,D300125,D607501,,,,,,,,,,,,,,,,,,,,,,,,,,,,,,,,,,
DB00321,3,D144110,D147530,D252320,,,,,,,,,,,,,,,,,,,,,,,,,,,,,,,,,,,
DB00323,10,D168100,D168600,D168601,D260300,D556500,D600116,D602404,D606324,D607060,D607688,,,,,,,,,,,,,,,,,,,,,,,,,,,,
DB00324,1,D278200,,,,,,,,,,,,,,,,,,,,,,,,,,,,,,,,,,,,,
DB00325,2,D161900,D608622,,,,,,,,,,,,,,,,,,,,,,,,,,,,,,,,,,,,
DB00327,2,D147530,D608088,,,,,,,,,,,,,,,,,,,,,,,,,,,,,,,,,,,,
DB00328,12,D133600,D133690,D140600,D147530,D157300,D165720,D208230,D246400,D263800,D602522,D607459,D607850,,,,,,,,,,,,,,,,,,,,,,,,,,
DB00331,7,D103285,D125850,D125851,D125853,D176800,D184700,D600496,,,,,,,,,,,,,,,,,,,,,,,,,,,,,,,
DB00332,3,D208550,D210050,D600807,,,,,,,,,,,,,,,,,,,,,,,,,,,,,,,,,,,
DB00333,1,D147530,,,,,,,,,,,,,,,,,,,,,,,,,,,,,,,,,,,,,
DB00334,3,D164230,D181500,D300494,,,,,,,,,,,,,,,,,,,,,,,,,,,,,,,,,,,
DB00335,2,D110100,D157700,,,,,,,,,,,,,,,,,,,,,,,,,,,,,,,,,,,,
DB00337,5,D233810,D603165,D605804,D605805,D605844,,,,,,,,,,,,,,,,,,,,,,,,,,,,,,,,,
DB00338,4,D109350,D190310,D304790,D600263,,,,,,,,,,,,,,,,,,,,,,,,,,,,,,,,,,
DB00341,5,D603165,D605804,D605805,D605844,D607154,,,,,,,,,,,,,,,,,,,,,,,,,,,,,,,,,
DB00342,6,D147540,D603165,D605804,D605805,D605844,D607154,,,,,,,,,,,,,,,,,,,,,,,,,,,,,,,,
DB00343,5,D161900,D179600,D607554,D608583,D608622,,,,,,,,,,,,,,,,,,,,,,,,,,,,,,,,,
DB00346,3,D147530,D200170,D600082,,,,,,,,,,,,,,,,,,,,,,,,,,,,,,,,,,,
DB00349,1,D606369,,,,,,,,,,,,,,,,,,,,,,,,,,,,,,,,,,,,,
DB00350,3,D104130,D161900,D608622,,,,,,,,,,,,,,,,,,,,,,,,,,,,,,,,,,,
DB00351,3,D109100,D114480,D192000,,,,,,,,,,,,,,,,,,,,,,,,,,,,,,,,,,,
DB00352,1,D601626,,,,,,,,,,,,,,,,,,,,,,,,,,,,,,,,,,,,,
DB00353,1,D157300,,,,,,,,,,,,,,,,,,,,,,,,,,,,,,,,,,,,,
DB00354,1,D145590,,,,,,,,,,,,,,,,,,,,,,,,,,,,,,,,,,,,,
DB00356,1,D147530,,,,,,,,,,,,,,,,,,,,,,,,,,,,,,,,,,,,,
DB00357,1,D268320,,,,,,,,,,,,,,,,,,,,,,,,,,,,,,,,,,,,,
DB00361,1,D236000,,,,,,,,,,,,,,,,,,,,,,,,,,,,,,,,,,,,,
DB00363,1,D181500,,,,,,,,,,,,,,,,,,,,,,,,,,,,,,,,,,,,,
DB00364,3,D109350,D161900,D190310,,,,,,,,,,,,,,,,,,,,,,,,,,,,,,,,,,,
DB00366,2,D145590,D147540,,,,,,,,,,,,,,,,,,,,,,,,,,,,,,,,,,,,
DB00367,3,D131200,D184700,D192000,,,,,,,,,,,,,,,,,,,,,,,,,,,,,,,,,,,
DB00368,1,D146500,,,,,,,,,,,,,,,,,,,,,,,,,,,,,,,,,,,,,
DB00371,3,D145590,D200170,D601042,,,,,,,,,,,,,,,,,,,,,,,,,,,,,,,,,,,
DB00373,7,D137750,D137760,D157300,D161900,D300125,D601682,D608622,,,,,,,,,,,,,,,,,,,,,,,,,,,,,,,
DB00374,3,D161900,D178600,D265400,,,,,,,,,,,,,,,,,,,,,,,,,,,,,,,,,,,
DB00376,10,D168100,D168600,D168601,D260300,D556500,D600116,D602404,D606324,D607060,D607688,,,,,,,,,,,,,,,,,,,,,,,,,,,,
DB00379,1,D115000,,,,,,,,,,,,,,,,,,,,,,,,,,,,,,,,,,,,,
DB00380,7,D208750,D212112,D212130,D212350,D225740,D226000,D305300,,,,,,,,,,,,,,,,,,,,,,,,,,,,,,,
DB00381,6,D125310,D145500,D161900,D179600,D608320,D608622,,,,,,,,,,,,,,,,,,,,,,,,,,,,,,,,
DB00382,9,D104300,D104310,D125320,D602096,D605055,D605526,D606889,D607822,D608907,,,,,,,,,,,,,,,,,,,,,,,,,,,,,
DB00384,5,D203700,D208300,D210050,D215140,D600351,,,,,,,,,,,,,,,,,,,,,,,,,,,,,,,,,
DB00385,1,D109800,,,,,,,,,,,,,,,,,,,,,,,,,,,,,,,,,,,,,
DB00387,11,D125320,D168100,D168600,D168601,D260300,D556500,D600116,D602404,D606324,D607060,D607688,,,,,,,,,,,,,,,,,,,,,,,,,,,
DB00388,7,D137750,D137760,D145590,D146500,D147540,D601682,D608088,,,,,,,,,,,,,,,,,,,,,,,,,,,,,,,
DB00390,2,D607554,D608583,,,,,,,,,,,,,,,,,,,,,,,,,,,,,,,,,,,,
DB00392,9,D168600,D168601,D260300,D556500,D600116,D602404,D606324,D607060,D607688,,,,,,,,,,,,,,,,,,,,,,,,,,,,,
DB00393,2,D125310,D601367,,,,,,,,,,,,,,,,,,,,,,,,,,,,,,,,,,,,
DB00394,7,D208550,D600807,D603165,D605804,D605805,D605844,D607154,,,,,,,,,,,,,,,,,,,,,,,,,,,,,,,
DB00396,1,D217200,,,,,,,,,,,,,,,,,,,,,,,,,,,,,,,,,,,,,
DB00397,5,D147540,D264120,D303110,D601665,D608088,,,,,,,,,,,,,,,,,,,,,,,,,,,,,,,,,
DB00398,4,D114550,D144700,D188470,D605839,,,,,,,,,,,,,,,,,,,,,,,,,,,,,,,,,,
DB00399,7,D102500,D143880,D167320,D254500,D276300,D602080,D605839,,,,,,,,,,,,,,,,,,,,,,,,,,,,,,,
DB00401,3,D161900,D179600,D608622,,,,,,,,,,,,,,,,,,,,,,,,,,,,,,,,,,,
DB00404,2,D167870,D252320,,,,,,,,,,,,,,,,,,,,,,,,,,,,,,,,,,,,
DB00405,1,D607154,,,,,,,,,,,,,,,,,,,,,,,,,,,,,,,,,,,,,
DB00407,1,D188050,,,,,,,,,,,,,,,,,,,,,,,,,,,,,,,,,,,,,
DB00408,1,D181500,,,,,,,,,,,,,,,,,,,,,,,,,,,,,,,,,,,,,
DB00412,4,D125850,D125851,D125853,D600496,,,,,,,,,,,,,,,,,,,,,,,,,,,,,,,,,,
DB00413,12,D102300,D125320,D168100,D168600,D168601,D260300,D556500,D600116,D602404,D606324,D607060,D607688,,,,,,,,,,,,,,,,,,,,,,,,,,
DB00414,4,D125850,D125851,D125853,D600496,,,,,,,,,,,,,,,,,,,,,,,,,,,,,,,,,,
DB00419,8,D230800,D230900,D231000,D257200,D257220,D607616,D607625,D608013,,,,,,,,,,,,,,,,,,,,,,,,,,,,,,
DB00421,7,D104130,D161900,D208300,D215140,D600351,D604416,D608622,,,,,,,,,,,,,,,,,,,,,,,,,,,,,,,
DB00422,1,D143465,,,,,,,,,,,,,,,,,,,,,,,,,,,,,,,,,,,,,
DB00424,14,D144110,D168600,D168601,D190310,D200170,D226150,D260300,D260570,D556500,D600116,D602404,D606324,D607060,D607688,,,,,,,,,,,,,,,,,,,,,,,,
DB00427,5,D603165,D605804,D605805,D605844,D607154,,,,,,,,,,,,,,,,,,,,,,,,,,,,,,,,,
DB00428,1,D236000,,,,,,,,,,,,,,,,,,,,,,,,,,,,,,,,,,,,,
DB00433,6,D145590,D182830,D225740,D225755,D260970,D608033,,,,,,,,,,,,,,,,,,,,,,,,,,,,,,,,
DB00434,14,D113610,D147540,D157300,D181500,D218200,D300125,D312910,D603165,D605804,D605805,D605844,D606703,D606798,D607154,,,,,,,,,,,,,,,,,,,,,,,,
DB00436,5,D161900,D215140,D256370,D600351,D608622,,,,,,,,,,,,,,,,,,,,,,,,,,,,,,,,,
DB00437,2,D310468,D602068,,,,,,,,,,,,,,,,,,,,,,,,,,,,,,,,,,,,
DB00440,3,D166760,D208550,D604416,,,,,,,,,,,,,,,,,,,,,,,,,,,,,,,,,,,
DB00441,3,D114480,D144700,D605839,,,,,,,,,,,,,,,,,,,,,,,,,,,,,,,,,,,
DB00443,7,D125600,D133600,D151590,D603165,D605804,D605805,D605844,,,,,,,,,,,,,,,,,,,,,,,,,,,,,,,
DB00444,6,D109543,D182280,D223350,D236000,D247640,D267730,,,,,,,,,,,,,,,,,,,,,,,,,,,,,,,,
DB00445,2,D114480,D276300,,,,,,,,,,,,,,,,,,,,,,,,,,,,,,,,,,,,
DB00448,3,D109350,D190310,D600263,,,,,,,,,,,,,,,,,,,,,,,,,,,,,,,,,,,
DB00449,4,D137750,D137760,D161900,D601682,,,,,,,,,,,,,,,,,,,,,,,,,,,,,,,,,,
DB00451,4,D138800,D140300,D255900,D275000,,,,,,,,,,,,,,,,,,,,,,,,,,,,,,,,,,
DB00454,1,D147530,,,,,,,,,,,,,,,,,,,,,,,,,,,,,,,,,,,,,
DB00455,5,D603165,D605804,D605805,D605844,D607154,,,,,,,,,,,,,,,,,,,,,,,,,,,,,,,,,
DB00457,7,D147530,D157950,D161900,D179600,D200170,D600082,D608622,,,,,,,,,,,,,,,,,,,,,,,,,,,,,,,
DB00458,5,D143465,D147530,D167870,D600631,D600808,,,,,,,,,,,,,,,,,,,,,,,,,,,,,,,,,
DB00460,2,D153800,D608895,,,,,,,,,,,,,,,,,,,,,,,,,,,,,,,,,,,,
DB00461,4,D140600,D147530,D165720,D607850,,,,,,,,,,,,,,,,,,,,,,,,,,,,,,,,,,
DB00464,1,D192200,,,,,,,,,,,,,,,,,,,,,,,,,,,,,,,,,,,,,
DB00465,2,D147530,D308205,,,,,,,,,,,,,,,,,,,,,,,,,,,,,,,,,,,,
DB00468,1,D200170,,,,,,,,,,,,,,,,,,,,,,,,,,,,,,,,,,,,,
DB00469,3,D140600,D165720,D607850,,,,,,,,,,,,,,,,,,,,,,,,,,,,,,,,,,,
DB00470,1,D109100,,,,,,,,,,,,,,,,,,,,,,,,,,,,,,,,,,,,,
DB00471,3,D208550,D210050,D600807,,,,,,,,,,,,,,,,,,,,,,,,,,,,,,,,,,,
DB00472,6,D131300,D164230,D167870,D181500,D252320,D607499,,,,,,,,,,,,,,,,,,,,,,,,,,,,,,,,
DB00475,2,D103780,D226150,,,,,,,,,,,,,,,,,,,,,,,,,,,,,,,,,,,,
DB00476,2,D147530,D165199,,,,,,,,,,,,,,,,,,,,,,,,,,,,,,,,,,,,
DB00477,2,D145590,D181500,,,,,,,,,,,,,,,,,,,,,,,,,,,,,,,,,,,,
DB00480,1,D254500,,,,,,,,,,,,,,,,,,,,,,,,,,,,,,,,,,,,,
DB00481,3,D102500,D114480,D166710,,,,,,,,,,,,,,,,,,,,,,,,,,,,,,,,,,,
DB00482,12,D135550,D140600,D147530,D165720,D175100,D175505,D208230,D246470,D604302,D607459,D607850,D608456,,,,,,,,,,,,,,,,,,,,,,,,,,
DB00484,4,D137750,D137760,D161900,D601682,,,,,,,,,,,,,,,,,,,,,,,,,,,,,,,,,,
DB00489,2,D607554,D608583,,,,,,,,,,,,,,,,,,,,,,,,,,,,,,,,,,,,
DB00490,6,D104130,D156190,D165150,D167870,D259050,D300232,,,,,,,,,,,,,,,,,,,,,,,,,,,,,,,,
DB00491,4,D125850,D125851,D125853,D600496,,,,,,,,,,,,,,,,,,,,,,,,,,,,,,,,,,
DB00492,4,D146255,D161900,D233100,D608622,,,,,,,,,,,,,,,,,,,,,,,,,,,,,,,,,,
DB00494,10,D168100,D168600,D168601,D260300,D556500,D600116,D602404,D606324,D607060,D607688,,,,,,,,,,,,,,,,,,,,,,,,,,,,
DB00497,1,D147530,,,,,,,,,,,,,,,,,,,,,,,,,,,,,,,,,,,,,
DB00499,1,D176807,,,,,,,,,,,,,,,,,,,,,,,,,,,,,,,,,,,,,
DB00500,6,D140600,D165720,D208230,D604302,D607459,D607850,,,,,,,,,,,,,,,,,,,,,,,,,,,,,,,,
DB00501,4,D109350,D190310,D264120,D304790,,,,,,,,,,,,,,,,,,,,,,,,,,,,,,,,,,
DB00502,4,D127750,D137580,D181500,D182830,,,,,,,,,,,,,,,,,,,,,,,,,,,,,,,,,,
DB00508,2,D145590,D147530,,,,,,,,,,,,,,,,,,,,,,,,,,,,,,,,,,,,
DB00514,2,D145590,D608088,,,,,,,,,,,,,,,,,,,,,,,,,,,,,,,,,,,,
DB00515,9,D109800,D133239,D182280,D236000,D254500,D256700,D259500,D273300,D276300,,,,,,,,,,,,,,,,,,,,,,,,,,,,,
DB00519,4,D146255,D161900,D233100,D608622,,,,,,,,,,,,,,,,,,,,,,,,,,,,,,,,,,
DB00521,3,D137750,D161900,D608622,,,,,,,,,,,,,,,,,,,,,,,,,,,,,,,,,,,
DB00523,1,D148000,,,,,,,,,,,,,,,,,,,,,,,,,,,,,,,,,,,,,
DB00524,3,D161900,D215140,D608622,,,,,,,,,,,,,,,,,,,,,,,,,,,,,,,,,,,
DB00527,1,D147530,,,,,,,,,,,,,,,,,,,,,,,,,,,,,,,,,,,,,
DB00528,1,D179600,,,,,,,,,,,,,,,,,,,,,,,,,,,,,,,,,,,,,
DB00530,1,D144700,,,,,,,,,,,,,,,,,,,,,,,,,,,,,,,,,,,,,
DB00531,1,D254400,,,,,,,,,,,,,,,,,,,,,,,,,,,,,,,,,,,,,
DB00532,1,D104130,,,,,,,,,,,,,,,,,,,,,,,,,,,,,,,,,,,,,
DB00535,2,D166760,D208550,,,,,,,,,,,,,,,,,,,,,,,,,,,,,,,,,,,,
DB00536,3,D113610,D218200,D312910,,,,,,,,,,,,,,,,,,,,,,,,,,,,,,,,,,,
DB00537,5,D145590,D166760,D208550,D258360,D266600,,,,,,,,,,,,,,,,,,,,,,,,,,,,,,,,,
DB00540,6,D143465,D147530,D167870,D252320,D600631,D600808,,,,,,,,,,,,,,,,,,,,,,,,,,,,,,,,
DB00541,13,D109543,D194070,D223350,D236000,D246470,D247640,D254500,D256700,D267730,D268220,D276300,D601608,D601626,,,,,,,,,,,,,,,,,,,,,,,,,
DB00542,3,D146255,D161900,D608622,,,,,,,,,,,,,,,,,,,,,,,,,,,,,,,,,,,
DB00544,5,D106400,D114480,D114500,D137215,D276300,,,,,,,,,,,,,,,,,,,,,,,,,,,,,,,,,
DB00545,2,D252320,D254200,,,,,,,,,,,,,,,,,,,,,,,,,,,,,,,,,,,,
DB00547,1,D233810,,,,,,,,,,,,,,,,,,,,,,,,,,,,,,,,,,,,,
DB00548,1,D604416,,,,,,,,,,,,,,,,,,,,,,,,,,,,,,,,,,,,,
DB00549,1,D208550,,,,,,,,,,,,,,,,,,,,,,,,,,,,,,,,,,,,,
DB00550,1,D275000,,,,,,,,,,,,,,,,,,,,,,,,,,,,,,,,,,,,,
DB00552,1,D276300,,,,,,,,,,,,,,,,,,,,,,,,,,,,,,,,,,,,,
DB00553,1,D193200,,,,,,,,,,,,,,,,,,,,,,,,,,,,,,,,,,,,,
DB00554,5,D140600,D165720,D208230,D607459,D607850,,,,,,,,,,,,,,,,,,,,,,,,,,,,,,,,,
DB00555,5,D102100,D181500,D217200,D239350,D606369,,,,,,,,,,,,,,,,,,,,,,,,,,,,,,,,,
DB00557,6,D145590,D147530,D603165,D605804,D605805,D605844,,,,,,,,,,,,,,,,,,,,,,,,,,,,,,,,
DB00559,3,D161900,D178600,D265400,,,,,,,,,,,,,,,,,,,,,,,,,,,,,,,,,,,
DB00563,23,D109543,D109800,D114480,D114500,D133239,D137215,D151590,D182280,D208920,D223350,D231090,D233810,D236000,D246470,D247640,D254400,D259500,D267730,D268220,D273300,D276300,D601626,D604302,,,,,,,,,,,,,,,
DB00564,6,D102300,D104130,D128101,D165199,D181500,D190400,,,,,,,,,,,,,,,,,,,,,,,,,,,,,,,,
DB00569,1,D188050,,,,,,,,,,,,,,,,,,,,,,,,,,,,,,,,,,,,,
DB00570,7,D114480,D148000,D188030,D236000,D254400,D273300,D276300,,,,,,,,,,,,,,,,,,,,,,,,,,,,,,,
DB00571,10,D110100,D115000,D140850,D157300,D157700,D161900,D171300,D190300,D300125,D608622,,,,,,,,,,,,,,,,,,,,,,,,,,,,
DB00572,2,D190310,D226150,,,,,,,,,,,,,,,,,,,,,,,,,,,,,,,,,,,,
DB00573,6,D140600,D147530,D165720,D208230,D607459,D607850,,,,,,,,,,,,,,,,,,,,,,,,,,,,,,,,
DB00575,12,D102300,D103780,D137580,D143465,D144110,D147530,D161900,D171300,D188890,D601042,D607554,D608622,,,,,,,,,,,,,,,,,,,,,,,,,,
DB00583,2,D212140,D606054,,,,,,,,,,,,,,,,,,,,,,,,,,,,,,,,,,,,
DB00584,2,D146255,D608622,,,,,,,,,,,,,,,,,,,,,,,,,,,,,,,,,,,,
DB00585,4,D109350,D190310,D304790,D600263,,,,,,,,,,,,,,,,,,,,,,,,,,,,,,,,,,
DB00586,9,D106400,D140600,D147530,D150600,D165720,D208230,D308205,D607459,D607850,,,,,,,,,,,,,,,,,,,,,,,,,,,,,
DB00588,7,D208550,D600807,D603165,D605804,D605805,D605844,D607154,,,,,,,,,,,,,,,,,,,,,,,,,,,,,,,
DB00589,9,D168600,D168601,D260300,D556500,D600116,D602404,D606324,D607060,D607688,,,,,,,,,,,,,,,,,,,,,,,,,,,,,
DB00590,6,D147530,D161900,D179600,D200170,D600082,D608622,,,,,,,,,,,,,,,,,,,,,,,,,,,,,,,,
DB00591,1,D603165,,,,,,,,,,,,,,,,,,,,,,,,,,,,,,,,,,,,,
DB00593,1,D217200,,,,,,,,,,,,,,,,,,,,,,,,,,,,,,,,,,,,,
DB00594,4,D161900,D208300,D215140,D608622,,,,,,,,,,,,,,,,,,,,,,,,,,,,,,,,,,
DB00596,1,D233810,,,,,,,,,,,,,,,,,,,,,,,,,,,,,,,,,,,,,
DB00598,5,D110100,D157700,D161900,D171300,D608622,,,,,,,,,,,,,,,,,,,,,,,,,,,,,,,,,
DB00603,5,D102500,D131200,D144700,D192000,D605839,,,,,,,,,,,,,,,,,,,,,,,,,,,,,,,,,
DB00604,2,D109350,D304790,,,,,,,,,,,,,,,,,,,,,,,,,,,,,,,,,,,,
DB00605,8,D133690,D140600,D147530,D165720,D175100,D208230,D607459,D607850,,,,,,,,,,,,,,,,,,,,,,,,,,,,,,
DB00608,1,D181000,,,,,,,,,,,,,,,,,,,,,,,,,,,,,,,,,,,,,
DB00611,1,D147530,,,,,,,,,,,,,,,,,,,,,,,,,,,,,,,,,,,,,
DB00612,2,D110100,D157700,,,,,,,,,,,,,,,,,,,,,,,,,,,,,,,,,,,,
DB00619,7,D131440,D247640,D276300,D601626,D602439,D607685,D608232,,,,,,,,,,,,,,,,,,,,,,,,,,,,,,,
DB00620,18,D104130,D114580,D133600,D147540,D148100,D151590,D152700,D165199,D173200,D181000,D188030,D208550,D223350,D603165,D605804,D605805,D605844,D607154,,,,,,,,,,,,,,,,,,,,
DB00622,2,D161900,D608622,,,,,,,,,,,,,,,,,,,,,,,,,,,,,,,,,,,,
DB00623,1,D181500,,,,,,,,,,,,,,,,,,,,,,,,,,,,,,,,,,,,,
DB00624,3,D114480,D215470,D241100,,,,,,,,,,,,,,,,,,,,,,,,,,,,,,,,,,,
DB00627,2,D144010,D144650,,,,,,,,,,,,,,,,,,,,,,,,,,,,,,,,,,,,
DB00630,5,D102500,D150600,D166710,D167320,D602080,,,,,,,,,,,,,,,,,,,,,,,,,,,,,,,,,
DB00631,1,D247640,,,,,,,,,,,,,,,,,,,,,,,,,,,,,,,,,,,,,
DB00635,38,D103230,D103285,D109100,D125600,D126200,D133600,D143880,D146850,D147540,D151590,D152700,D157300,D181000,D187360,D188030,D191100,D202370,D205700,D208550,D208920,D223350,D233810,D240200,D247640,D254400,D276300,D300100,D304790,D600351,D601744,D603165,D605218,D605480,D605804,D605805,D605844,D607154,D608437
DB00636,1,D144650,,,,,,,,,,,,,,,,,,,,,,,,,,,,,,,,,,,,,
DB00637,1,D147540,,,,,,,,,,,,,,,,,,,,,,,,,,,,,,,,,,,,,
DB00638,1,D233100,,,,,,,,,,,,,,,,,,,,,,,,,,,,,,,,,,,,,
DB00640,1,D194200,,,,,,,,,,,,,,,,,,,,,,,,,,,,,,,,,,,,,
DB00641,3,D143890,D144010,D144400,,,,,,,,,,,,,,,,,,,,,,,,,,,,,,,,,,,
DB00642,1,D276300,,,,,,,,,,,,,,,,,,,,,,,,,,,,,,,,,,,,,
DB00644,1,D146110,,,,,,,,,,,,,,,,,,,,,,,,,,,,,,,,,,,,,
DB00647,1,D147530,,,,,,,,,,,,,,,,,,,,,,,,,,,,,,,,,,,,,
DB00650,3,D114500,D176800,D259500,,,,,,,,,,,,,,,,,,,,,,,,,,,,,,,,,,,
DB00651,3,D208550,D210050,D600807,,,,,,,,,,,,,,,,,,,,,,,,,,,,,,,,,,,
DB00652,1,D147530,,,,,,,,,,,,,,,,,,,,,,,,,,,,,,,,,,,,,
DB00653,5,D127350,D189800,D217200,D239350,D248190,,,,,,,,,,,,,,,,,,,,,,,,,,,,,,,,,
DB00654,4,D137750,D137760,D161900,D601682,,,,,,,,,,,,,,,,,,,,,,,,,,,,,,,,,,
DB00655,2,D215470,D311360,,,,,,,,,,,,,,,,,,,,,,,,,,,,,,,,,,,,
DB00657,4,D137580,D145500,D161900,D608622,,,,,,,,,,,,,,,,,,,,,,,,,,,,,,,,,,
DB00659,1,D103780,,,,,,,,,,,,,,,,,,,,,,,,,,,,,,,,,,,,,
DB00661,8,D115000,D115195,D157300,D161900,D200170,D607554,D608583,D608622,,,,,,,,,,,,,,,,,,,,,,,,,,,,,,
DB00663,4,D603165,D605804,D605805,D605844,,,,,,,,,,,,,,,,,,,,,,,,,,,,,,,,,,
DB00668,6,D137750,D137760,D147540,D208550,D600807,D601682,,,,,,,,,,,,,,,,,,,,,,,,,,,,,,,,
DB00669,3,D157300,D300125,D607501,,,,,,,,,,,,,,,,,,,,,,,,,,,,,,,,,,,
DB00672,4,D125850,D125851,D125853,D600496,,,,,,,,,,,,,,,,,,,,,,,,,,,,,,,,,,
DB00674,9,D104300,D104310,D125320,D602096,D605055,D605526,D606889,D607822,D608907,,,,,,,,,,,,,,,,,,,,,,,,,,,,,
DB00675,2,D114480,D174800,,,,,,,,,,,,,,,,,,,,,,,,,,,,,,,,,,,,
DB00678,4,D145500,D146255,D161900,D608622,,,,,,,,,,,,,,,,,,,,,,,,,,,,,,,,,,
DB00679,1,D181500,,,,,,,,,,,,,,,,,,,,,,,,,,,,,,,,,,,,,
DB00682,6,D107320,D125310,D540000,D601367,D607554,D608583,,,,,,,,,,,,,,,,,,,,,,,,,,,,,,,,
DB00686,1,D147530,,,,,,,,,,,,,,,,,,,,,,,,,,,,,,,,,,,,,
DB00687,4,D103230,D157700,D240200,D252320,,,,,,,,,,,,,,,,,,,,,,,,,,,,,,,,,,
DB00691,3,D146255,D161900,D608622,,,,,,,,,,,,,,,,,,,,,,,,,,,,,,,,,,,
DB00692,6,D155100,D161900,D171300,D231200,D273800,D608622,,,,,,,,,,,,,,,,,,,,,,,,,,,,,,,,
DB00694,6,D148000,D151380,D223350,D247640,D276300,D601626,,,,,,,,,,,,,,,,,,,,,,,,,,,,,,,,
DB00695,11,D143880,D146255,D161900,D166300,D203700,D208300,D210050,D215140,D256370,D600351,D608622,,,,,,,,,,,,,,,,,,,,,,,,,,,
DB00696,2,D157300,D300125,,,,,,,,,,,,,,,,,,,,,,,,,,,,,,,,,,,,
DB00697,5,D157300,D160750,D190400,D200170,D601042,,,,,,,,,,,,,,,,,,,,,,,,,,,,,,,,,
DB00699,2,D153800,D608895,,,,,,,,,,,,,,,,,,,,,,,,,,,,,,,,,,,,
DB00704,1,D103780,,,,,,,,,,,,,,,,,,,,,,,,,,,,,,,,,,,,,
DB00706,4,D147530,D200170,D310468,D600082,,,,,,,,,,,,,,,,,,,,,,,,,,,,,,,,,,
DB00710,2,D102500,D166710,,,,,,,,,,,,,,,,,,,,,,,,,,,,,,,,,,,,
DB00712,7,D103100,D140600,D153880,D165720,D208230,D607459,D607850,,,,,,,,,,,,,,,,,,,,,,,,,,,,,,,
DB00714,10,D168100,D168600,D168601,D260300,D556500,D600116,D602404,D606324,D607060,D607688,,,,,,,,,,,,,,,,,,,,,,,,,,,,
DB00715,4,D131300,D164230,D167870,D252320,,,,,,,,,,,,,,,,,,,,,,,,,,,,,,,,,,
DB00716,2,D208550,D600807,,,,,,,,,,,,,,,,,,,,,,,,,,,,,,,,,,,,
DB00717,6,D102500,D131200,D184700,D192000,D215470,D604416,,,,,,,,,,,,,,,,,,,,,,,,,,,,,,,,
DB00719,5,D603165,D605804,D605805,D605844,D607154,,,,,,,,,,,,,,,,,,,,,,,,,,,,,,,,,
DB00721,1,D147530,,,,,,,,,,,,,,,,,,,,,,,,,,,,,,,,,,,,,
DB00722,6,D125310,D146255,D161900,D233100,D608320,D608622,,,,,,,,,,,,,,,,,,,,,,,,,,,,,,,,
DB00724,1,D106400,,,,,,,,,,,,,,,,,,,,,,,,,,,,,,,,,,,,,
DB00727,2,D179600,D189800,,,,,,,,,,,,,,,,,,,,,,,,,,,,,,,,,,,,
DB00731,4,D125850,D125851,D125853,D600496,,,,,,,,,,,,,,,,,,,,,,,,,,,,,,,,,,
DB00733,1,D254200,,,,,,,,,,,,,,,,,,,,,,,,,,,,,,,,,,,,,
DB00734,8,D137580,D181500,D182830,D225740,D225755,D260970,D300494,D608033,,,,,,,,,,,,,,,,,,,,,,,,,,,,,,
DB00736,3,D109350,D190310,D600263,,,,,,,,,,,,,,,,,,,,,,,,,,,,,,,,,,,
DB00741,8,D125600,D166760,D233810,D266600,D603165,D605804,D605805,D605844,,,,,,,,,,,,,,,,,,,,,,,,,,,,,,
DB00744,2,D208550,D600807,,,,,,,,,,,,,,,,,,,,,,,,,,,,,,,,,,,,
DB00745,6,D107650,D126200,D136200,D143465,D161400,D605841,,,,,,,,,,,,,,,,,,,,,,,,,,,,,,,,
DB00747,7,D107550,D125320,D158280,D168100,D168600,D190310,D226150,,,,,,,,,,,,,,,,,,,,,,,,,,,,,,,
DB00748,5,D603165,D605804,D605805,D605844,D607154,,,,,,,,,,,,,,,,,,,,,,,,,,,,,,,,,
DB00749,6,D140600,D147530,D165720,D208230,D607459,D607850,,,,,,,,,,,,,,,,,,,,,,,,,,,,,,,,
DB00750,1,D147530,,,,,,,,,,,,,,,,,,,,,,,,,,,,,,,,,,,,,
DB00751,4,D603165,D605804,D605805,D605844,,,,,,,,,,,,,,,,,,,,,,,,,,,,,,,,,,
DB00754,2,D217200,D239350,,,,,,,,,,,,,,,,,,,,,,,,,,,,,,,,,,,,
DB00755,10,D113800,D124200,D145100,D145200,D146700,D151590,D182000,D242100,D276300,D604416,,,,,,,,,,,,,,,,,,,,,,,,,,,,
DB00757,1,D145590,,,,,,,,,,,,,,,,,,,,,,,,,,,,,,,,,,,,,
DB00758,3,D125310,D540000,D601367,,,,,,,,,,,,,,,,,,,,,,,,,,,,,,,,,,,
DB00759,7,D137400,D600263,D603165,D604416,D605804,D605805,D605844,,,,,,,,,,,,,,,,,,,,,,,,,,,,,,,
DB00762,4,D114500,D223350,D246470,D276300,,,,,,,,,,,,,,,,,,,,,,,,,,,,,,,,,,
DB00763,2,D275000,D603388,,,,,,,,,,,,,,,,,,,,,,,,,,,,,,,,,,,,
DB00764,8,D208550,D233810,D600807,D603165,D605804,D605805,D605844,D607154,,,,,,,,,,,,,,,,,,,,,,,,,,,,,,
DB00765,1,D171300,,,,,,,,,,,,,,,,,,,,,,,,,,,,,,,,,,,,,
DB00767,1,D145590,,,,,,,,,,,,,,,,,,,,,,,,,,,,,,,,,,,,,
DB00768,4,D603165,D605804,D605805,D605844,,,,,,,,,,,,,,,,,,,,,,,,,,,,,,,,,,
DB00770,1,D607411,,,,,,,,,,,,,,,,,,,,,,,,,,,,,,,,,,,,,
DB00771,2,D191390,D226150,,,,,,,,,,,,,,,,,,,,,,,,,,,,,,,,,,,,
DB00773,4,D182280,D236000,D273300,D276300,,,,,,,,,,,,,,,,,,,,,,,,,,,,,,,,,,
DB00775,1,D608320,,,,,,,,,,,,,,,,,,,,,,,,,,,,,,,,,,,,,
DB00776,11,D208700,D217200,D267740,D300491,D600131,D604827,D607628,D607631,D607681,D607682,D608105,,,,,,,,,,,,,,,,,,,,,,,,,,,
DB00780,1,D607499,,,,,,,,,,,,,,,,,,,,,,,,,,,,,,,,,,,,,
DB00783,5,D102500,D114480,D176807,D215470,D311360,,,,,,,,,,,,,,,,,,,,,,,,,,,,,,,,,
DB00784,3,D140600,D165720,D607850,,,,,,,,,,,,,,,,,,,,,,,,,,,,,,,,,,,
DB00787,1,D268320,,,,,,,,,,,,,,,,,,,,,,,,,,,,,,,,,,,,,
DB00788,12,D133600,D133690,D140600,D145590,D147530,D150600,D157300,D165720,D208230,D252320,D607459,D607850,,,,,,,,,,,,,,,,,,,,,,,,,,
DB00790,3,D125310,D146255,D608320,,,,,,,,,,,,,,,,,,,,,,,,,,,,,,,,,,,
DB00794,17,D121201,D132090,D132100,D132300,D190300,D190310,D208700,D217200,D267740,D300491,D600131,D604827,D607628,D607631,D607681,D607682,D608105,,,,,,,,,,,,,,,,,,,,,
DB00795,2,D104130,D266600,,,,,,,,,,,,,,,,,,,,,,,,,,,,,,,,,,,,
DB00796,2,D161900,D608622,,,,,,,,,,,,,,,,,,,,,,,,,,,,,,,,,,,,
DB00800,2,D161900,D608622,,,,,,,,,,,,,,,,,,,,,,,,,,,,,,,,,,,,
DB00804,2,D304790,D600351,,,,,,,,,,,,,,,,,,,,,,,,,,,,,,,,,,,,
DB00806,4,D125310,D188050,D540000,D601367,,,,,,,,,,,,,,,,,,,,,,,,,,,,,,,,,,
DB00808,5,D161900,D215140,D256370,D600351,D608622,,,,,,,,,,,,,,,,,,,,,,,,,,,,,,,,,
DB00810,2,D125320,D168100,,,,,,,,,,,,,,,,,,,,,,,,,,,,,,,,,,,,
DB00813,1,D147530,,,,,,,,,,,,,,,,,,,,,,,,,,,,,,,,,,,,,
DB00814,6,D133690,D140600,D165720,D208230,D607459,D607850,,,,,,,,,,,,,,,,,,,,,,,,,,,,,,,,
DB00816,3,D208550,D210050,D600807,,,,,,,,,,,,,,,,,,,,,,,,,,,,,,,,,,,
DB00819,7,D137760,D147480,D215140,D217200,D239350,D243200,D600351,,,,,,,,,,,,,,,,,,,,,,,,,,,,,,,
DB00820,2,D161900,D178600,,,,,,,,,,,,,,,,,,,,,,,,,,,,,,,,,,,,
DB00822,1,D103780,,,,,,,,,,,,,,,,,,,,,,,,,,,,,,,,,,,,,
DB00829,3,D156000,D217200,D601042,,,,,,,,,,,,,,,,,,,,,,,,,,,,,,,,,,,
DB00831,1,D181500,,,,,,,,,,,,,,,,,,,,,,,,,,,,,,,,,,,,,
DB00834,1,D103285,,,,,,,,,,,,,,,,,,,,,,,,,,,,,,,,,,,,,
DB00835,5,D603165,D605804,D605805,D605844,D607154,,,,,,,,,,,,,,,,,,,,,,,,,,,,,,,,,
DB00839,4,D125850,D125851,D125853,D600496,,,,,,,,,,,,,,,,,,,,,,,,,,,,,,,,,,
DB00843,9,D104300,D104310,D125320,D602096,D605055,D605526,D606889,D607822,D608907,,,,,,,,,,,,,,,,,,,,,,,,,,,,,
DB00844,1,D147530,,,,,,,,,,,,,,,,,,,,,,,,,,,,,,,,,,,,,
DB00846,1,D233810,,,,,,,,,,,,,,,,,,,,,,,,,,,,,,,,,,,,,
DB00847,2,D219750,D219800,,,,,,,,,,,,,,,,,,,,,,,,,,,,,,,,,,,,
DB00848,1,D276300,,,,,,,,,,,,,,,,,,,,,,,,,,,,,,,,,,,,,
DB00851,6,D155600,D155601,D236000,D256700,D268220,D276300,,,,,,,,,,,,,,,,,,,,,,,,,,,,,,,,
DB00852,9,D145590,D208550,D600807,D603165,D605804,D605805,D605844,D607154,D608088,,,,,,,,,,,,,,,,,,,,,,,,,,,,,
DB00853,3,D155600,D155601,D276300,,,,,,,,,,,,,,,,,,,,,,,,,,,,,,,,,,,
DB00856,1,D190400,,,,,,,,,,,,,,,,,,,,,,,,,,,,,,,,,,,,,
DB00859,2,D220100,D277900,,,,,,,,,,,,,,,,,,,,,,,,,,,,,,,,,,,,
DB00860,17,D103230,D126200,D146850,D147540,D152700,D205700,D215140,D240200,D266600,D276300,D304790,D600351,D601744,D605218,D605480,D607202,D608437,,,,,,,,,,,,,,,,,,,,,
DB00861,6,D140600,D147530,D165720,D208230,D607459,D607850,,,,,,,,,,,,,,,,,,,,,,,,,,,,,,,,
DB00863,3,D109350,D190310,D304790,,,,,,,,,,,,,,,,,,,,,,,,,,,,,,,,,,,
DB00864,4,D603165,D605804,D605805,D605844,,,,,,,,,,,,,,,,,,,,,,,,,,,,,,,,,,
DB00865,3,D264120,D303110,D601665,,,,,,,,,,,,,,,,,,,,,,,,,,,,,,,,,,,
DB00868,1,D608088,,,,,,,,,,,,,,,,,,,,,,,,,,,,,,,,,,,,,
DB00869,4,D137750,D137760,D161900,D601682,,,,,,,,,,,,,,,,,,,,,,,,,,,,,,,,,,
DB00871,3,D208550,D210050,D600807,,,,,,,,,,,,,,,,,,,,,,,,,,,,,,,,,,,
DB00873,5,D603165,D605804,D605805,D605844,D607154,,,,,,,,,,,,,,,,,,,,,,,,,,,,,,,,,
DB00876,2,D161900,D608622,,,,,,,,,,,,,,,,,,,,,,,,,,,,,,,,,,,,
DB00880,7,D161900,D203700,D210050,D215140,D256370,D600351,D608622,,,,,,,,,,,,,,,,,,,,,,,,,,,,,,,
DB00881,4,D146255,D161900,D233100,D608622,,,,,,,,,,,,,,,,,,,,,,,,,,,,,,,,,,
DB00882,2,D184700,D270960,,,,,,,,,,,,,,,,,,,,,,,,,,,,,,,,,,,,
DB00883,4,D109350,D161900,D178600,D608320,,,,,,,,,,,,,,,,,,,,,,,,,,,,,,,,,,
DB00884,4,D102500,D166710,D167320,D602080,,,,,,,,,,,,,,,,,,,,,,,,,,,,,,,,,,
DB00887,10,D146255,D161900,D166300,D203700,D208300,D210050,D215140,D256370,D600351,D608622,,,,,,,,,,,,,,,,,,,,,,,,,,,,
DB00888,2,D254400,D263300,,,,,,,,,,,,,,,,,,,,,,,,,,,,,,,,,,,,
DB00889,1,D145590,,,,,,,,,,,,,,,,,,,,,,,,,,,,,,,,,,,,,
DB00898,2,D147530,D190400,,,,,,,,,,,,,,,,,,,,,,,,,,,,,,,,,,,,
DB00899,1,D147530,,,,,,,,,,,,,,,,,,,,,,,,,,,,,,,,,,,,,
DB00903,8,D161900,D203700,D208300,D210050,D215140,D256370,D600351,D608622,,,,,,,,,,,,,,,,,,,,,,,,,,,,,,
DB00904,3,D103780,D145590,D164230,,,,,,,,,,,,,,,,,,,,,,,,,,,,,,,,,,,
DB00905,4,D137750,D137760,D161900,D601682,,,,,,,,,,,,,,,,,,,,,,,,,,,,,,,,,,
DB00906,1,D217200,,,,,,,,,,,,,,,,,,,,,,,,,,,,,,,,,,,,,
DB00907,2,D147530,D608088,,,,,,,,,,,,,,,,,,,,,,,,,,,,,,,,,,,,
DB00908,3,D115000,D607554,D608583,,,,,,,,,,,,,,,,,,,,,,,,,,,,,,,,,,,
DB00909,13,D190300,D208700,D217200,D239350,D267740,D300491,D600131,D604827,D607628,D607631,D607681,D607682,D608105,,,,,,,,,,,,,,,,,,,,,,,,,
DB00912,4,D125850,D125851,D125853,D600496,,,,,,,,,,,,,,,,,,,,,,,,,,,,,,,,,,
DB00915,3,D119500,D126200,D168100,,,,,,,,,,,,,,,,,,,,,,,,,,,,,,,,,,,
DB00917,1,D231090,,,,,,,,,,,,,,,,,,,,,,,,,,,,,,,,,,,,,
DB00918,1,D157300,,,,,,,,,,,,,,,,,,,,,,,,,,,,,,,,,,,,,
DB00920,4,D603165,D605804,D605805,D605844,,,,,,,,,,,,,,,,,,,,,,,,,,,,,,,,,,
DB00921,1,D147530,,,,,,,,,,,,,,,,,,,,,,,,,,,,,,,,,,,,,
DB00924,5,D147530,D157300,D160750,D200170,D601042,,,,,,,,,,,,,,,,,,,,,,,,,,,,,,,,,
DB00925,1,D171300,,,,,,,,,,,,,,,,,,,,,,,,,,,,,,,,,,,,,
DB00927,4,D109350,D190310,D304790,D600263,,,,,,,,,,,,,,,,,,,,,,,,,,,,,,,,,,
DB00928,3,D247200,D258360,D601004,,,,,,,,,,,,,,,,,,,,,,,,,,,,,,,,,,,
DB00929,2,D140600,D190310,,,,,,,,,,,,,,,,,,,,,,,,,,,,,,,,,,,,
DB00933,1,D181500,,,,,,,,,,,,,,,,,,,,,,,,,,,,,,,,,,,,,
DB00936,4,D106400,D125600,D147530,D604416,,,,,,,,,,,,,,,,,,,,,,,,,,,,,,,,,,
DB00937,2,D264120,D601665,,,,,,,,,,,,,,,,,,,,,,,,,,,,,,,,,,,,
DB00938,2,D208550,D600807,,,,,,,,,,,,,,,,,,,,,,,,,,,,,,,,,,,,
DB00939,4,D140600,D147530,D165720,D607850,,,,,,,,,,,,,,,,,,,,,,,,,,,,,,,,,,
DB00945,18,D107320,D125310,D140600,D145590,D147530,D150600,D152700,D157300,D165720,D208230,D601367,D601744,D604302,D605218,D605480,D607459,D607850,D608437,,,,,,,,,,,,,,,,,,,,
DB00947,1,D114480,,,,,,,,,,,,,,,,,,,,,,,,,,,,,,,,,,,,,
DB00949,1,D102100,,,,,,,,,,,,,,,,,,,,,,,,,,,,,,,,,,,,,
DB00950,5,D603165,D605804,D605805,D605844,D607154,,,,,,,,,,,,,,,,,,,,,,,,,,,,,,,,,
DB00952,2,D157300,D607501,,,,,,,,,,,,,,,,,,,,,,,,,,,,,,,,,,,,
DB00953,2,D157300,D607501,,,,,,,,,,,,,,,,,,,,,,,,,,,,,,,,,,,,
DB00956,2,D147530,D608088,,,,,,,,,,,,,,,,,,,,,,,,,,,,,,,,,,,,
DB00957,3,D131200,D192000,D604416,,,,,,,,,,,,,,,,,,,,,,,,,,,,,,,,,,,
DB00958,4,D109800,D133239,D259500,D276300,,,,,,,,,,,,,,,,,,,,,,,,,,,,,,,,,,
DB00959,6,D109100,D140600,D146850,D147540,D208550,D276300,,,,,,,,,,,,,,,,,,,,,,,,,,,,,,,,
DB00960,2,D161900,D608622,,,,,,,,,,,,,,,,,,,,,,,,,,,,,,,,,,,,
DB00963,2,D115645,D212350,,,,,,,,,,,,,,,,,,,,,,,,,,,,,,,,,,,,
DB00966,3,D145500,D161900,D608622,,,,,,,,,,,,,,,,,,,,,,,,,,,,,,,,,,,
DB00967,5,D603165,D605804,D605805,D605844,D607154,,,,,,,,,,,,,,,,,,,,,,,,,,,,,,,,,
DB00968,2,D161900,D608622,,,,,,,,,,,,,,,,,,,,,,,,,,,,,,,,,,,,
DB00969,1,D260570,,,,,,,,,,,,,,,,,,,,,,,,,,,,,,,,,,,,,
DB00972,5,D603165,D605804,D605805,D605844,D607154,,,,,,,,,,,,,,,,,,,,,,,,,,,,,,,,,
DB00973,2,D143890,D144400,,,,,,,,,,,,,,,,,,,,,,,,,,,,,,,,,,,,
DB00975,1,D601367,,,,,,,,,,,,,,,,,,,,,,,,,,,,,,,,,,,,,
DB00977,7,D102500,D131200,D184700,D192000,D215470,D311360,D604416,,,,,,,,,,,,,,,,,,,,,,,,,,,,,,,
DB00982,2,D601626,D604416,,,,,,,,,,,,,,,,,,,,,,,,,,,,,,,,,,,,
DB00983,3,D208550,D210050,D600807,,,,,,,,,,,,,,,,,,,,,,,,,,,,,,,,,,,
DB00984,2,D106100,D202400,,,,,,,,,,,,,,,,,,,,,,,,,,,,,,,,,,,,
DB00987,8,D109543,D223350,D236000,D246470,D247640,D267730,D276300,D601626,,,,,,,,,,,,,,,,,,,,,,,,,,,,,,
DB00988,4,D146255,D161900,D166300,D310468,,,,,,,,,,,,,,,,,,,,,,,,,,,,,,,,,,
DB00989,19,D104300,D104310,D125320,D168100,D168600,D168601,D260300,D556500,D600116,D602096,D602404,D605055,D605526,D606324,D606889,D607060,D607688,D607822,D608907,,,,,,,,,,,,,,,,,,,
DB00990,1,D114480,,,,,,,,,,,,,,,,,,,,,,,,,,,,,,,,,,,,,
DB00991,5,D140600,D165720,D208230,D607459,D607850,,,,,,,,,,,,,,,,,,,,,,,,,,,,,,,,,
DB00992,1,D106400,,,,,,,,,,,,,,,,,,,,,,,,,,,,,,,,,,,,,
DB00993,9,D126200,D152700,D160300,D181000,D188030,D208920,D233810,D254200,D266600,,,,,,,,,,,,,,,,,,,,,,,,,,,,,
DB00995,1,D134750,,,,,,,,,,,,,,,,,,,,,,,,,,,,,,,,,,,,,
DB00996,16,D102300,D144110,D147530,D157300,D165199,D190300,D208700,D267740,D300491,D600131,D604827,D607628,D607631,D607681,D607682,D608105,,,,,,,,,,,,,,,,,,,,,,
DB00997,15,D109800,D114480,D137215,D188470,D194070,D211980,D236000,D247640,D254500,D256700,D259500,D268220,D276300,D601626,D602439,,,,,,,,,,,,,,,,,,,,,,,
DB00998,2,D157300,D607501,,,,,,,,,,,,,,,,,,,,,,,,,,,,,,,,,,,,
DB00999,7,D102500,D125700,D161900,D208300,D215140,D600351,D608622,,,,,,,,,,,,,,,,,,,,,,,,,,,,,,,
DB01001,2,D208550,D600807,,,,,,,,,,,,,,,,,,,,,,,,,,,,,,,,,,,,
DB01002,1,D147530,,,,,,,,,,,,,,,,,,,,,,,,,,,,,,,,,,,,,
DB01003,3,D191390,D208550,D600807,,,,,,,,,,,,,,,,,,,,,,,,,,,,,,,,,,,
DB01005,7,D144700,D155600,D155601,D187950,D263300,D276300,D605839,,,,,,,,,,,,,,,,,,,,,,,,,,,,,,,
DB01006,1,D114480,,,,,,,,,,,,,,,,,,,,,,,,,,,,,,,,,,,,,
DB01008,8,D223350,D246470,D254450,D263300,D276300,D601626,D602439,D608232,,,,,,,,,,,,,,,,,,,,,,,,,,,,,,
DB01009,6,D140600,D145590,D165720,D208230,D607459,D607850,,,,,,,,,,,,,,,,,,,,,,,,,,,,,,,,
DB01012,1,D608266,,,,,,,,,,,,,,,,,,,,,,,,,,,,,,,,,,,,,
DB01013,2,D125600,D151590,,,,,,,,,,,,,,,,,,,,,,,,,,,,,,,,,,,,
DB01014,1,D266600,,,,,,,,,,,,,,,,,,,,,,,,,,,,,,,,,,,,,
DB01016,4,D125850,D125851,D125853,D600496,,,,,,,,,,,,,,,,,,,,,,,,,,,,,,,,,,
DB01017,1,D604416,,,,,,,,,,,,,,,,,,,,,,,,,,,,,,,,,,,,,
DB01018,3,D143465,D161900,D608622,,,,,,,,,,,,,,,,,,,,,,,,,,,,,,,,,,,
DB01019,3,D109350,D157950,D191800,,,,,,,,,,,,,,,,,,,,,,,,,,,,,,,,,,,
DB01020,2,D109350,D608320,,,,,,,,,,,,,,,,,,,,,,,,,,,,,,,,,,,,
DB01023,3,D161900,D179600,D608622,,,,,,,,,,,,,,,,,,,,,,,,,,,,,,,,,,,
DB01026,1,D212050,,,,,,,,,,,,,,,,,,,,,,,,,,,,,,,,,,,,,
DB01029,7,D125850,D125851,D125853,D146255,D161900,D600496,D608622,,,,,,,,,,,,,,,,,,,,,,,,,,,,,,,
DB01030,2,D182280,D276300,,,,,,,,,,,,,,,,,,,,,,,,,,,,,,,,,,,,
DB01033,5,D109543,D151400,D191390,D247640,D266600,,,,,,,,,,,,,,,,,,,,,,,,,,,,,,,,,
DB01035,3,D115000,D607554,D608583,,,,,,,,,,,,,,,,,,,,,,,,,,,,,,,,,,,
DB01037,16,D104300,D104310,D168600,D168601,D260300,D556500,D600116,D602096,D602404,D605526,D606324,D606889,D607060,D607688,D607822,D608907,,,,,,,,,,,,,,,,,,,,,,
DB01039,2,D144010,D144650,,,,,,,,,,,,,,,,,,,,,,,,,,,,,,,,,,,,
DB01041,2,D246300,D254500,,,,,,,,,,,,,,,,,,,,,,,,,,,,,,,,,,,,
DB01042,3,D254500,D256700,D268220,,,,,,,,,,,,,,,,,,,,,,,,,,,,,,,,,,,
DB01043,9,D104300,D104310,D125320,D602096,D605055,D605526,D606889,D607822,D608907,,,,,,,,,,,,,,,,,,,,,,,,,,,,,
DB01045,1,D246300,,,,,,,,,,,,,,,,,,,,,,,,,,,,,,,,,,,,,
DB01046,1,D103285,,,,,,,,,,,,,,,,,,,,,,,,,,,,,,,,,,,,,
DB01050,11,D140600,D145590,D147530,D150600,D165720,D208230,D252320,D604302,D607411,D607459,D607850,,,,,,,,,,,,,,,,,,,,,,,,,,,
DB01058,1,D181460,,,,,,,,,,,,,,,,,,,,,,,,,,,,,,,,,,,,,
DB01062,1,D144110,,,,,,,,,,,,,,,,,,,,,,,,,,,,,,,,,,,,,
DB01063,1,D181500,,,,,,,,,,,,,,,,,,,,,,,,,,,,,,,,,,,,,
DB01064,3,D115000,D208550,D600807,,,,,,,,,,,,,,,,,,,,,,,,,,,,,,,,,,,
DB01065,7,D209850,D300425,D300495,D300496,D607373,D608049,D608636,,,,,,,,,,,,,,,,,,,,,,,,,,,,,,,
DB01067,4,D125850,D125851,D125853,D600496,,,,,,,,,,,,,,,,,,,,,,,,,,,,,,,,,,
DB01068,12,D102100,D102300,D140600,D165720,D167870,D181500,D208230,D254770,D254800,D606369,D607459,D607850,,,,,,,,,,,,,,,,,,,,,,,,,,
DB01069,7,D147540,D158280,D603165,D605804,D605805,D605844,D608088,,,,,,,,,,,,,,,,,,,,,,,,,,,,,,,
DB01070,9,D134600,D146200,D146255,D166710,D241519,D264700,D277440,D307700,D600081,,,,,,,,,,,,,,,,,,,,,,,,,,,,,
DB01071,5,D603165,D605804,D605805,D605844,D607154,,,,,,,,,,,,,,,,,,,,,,,,,,,,,,,,,
DB01072,1,D109100,,,,,,,,,,,,,,,,,,,,,,,,,,,,,,,,,,,,,
DB01073,7,D109543,D151400,D223350,D236000,D247640,D267730,D276300,,,,,,,,,,,,,,,,,,,,,,,,,,,,,,,
DB01075,4,D145590,D147540,D158280,D608088,,,,,,,,,,,,,,,,,,,,,,,,,,,,,,,,,,
DB01076,3,D143890,D144010,D144400,,,,,,,,,,,,,,,,,,,,,,,,,,,,,,,,,,,
DB01077,1,D602080,,,,,,,,,,,,,,,,,,,,,,,,,,,,,,,,,,,,,
DB01080,3,D217200,D308350,D605021,,,,,,,,,,,,,,,,,,,,,,,,,,,,,,,,,,,
DB01083,3,D264120,D303110,D601665,,,,,,,,,,,,,,,,,,,,,,,,,,,,,,,,,,,
DB01084,4,D603165,D605804,D605805,D605844,,,,,,,,,,,,,,,,,,,,,,,,,,,,,,,,,,
DB01085,1,D161900,,,,,,,,,,,,,,,,,,,,,,,,,,,,,,,,,,,,,
DB01086,2,D147530,D166760,,,,,,,,,,,,,,,,,,,,,,,,,,,,,,,,,,,,
DB01088,5,D145500,D161900,D178600,D265400,D608622,,,,,,,,,,,,,,,,,,,,,,,,,,,,,,,,,
DB01095,1,D144010,,,,,,,,,,,,,,,,,,,,,,,,,,,,,,,,,,,,,
DB01098,5,D143890,D144010,D144250,D144400,D145750,,,,,,,,,,,,,,,,,,,,,,,,,,,,,,,,,
DB01099,2,D114580,D212050,,,,,,,,,,,,,,,,,,,,,,,,,,,,,,,,,,,,
DB01101,6,D114480,D114500,D137215,D144700,D176807,D276300,,,,,,,,,,,,,,,,,,,,,,,,,,,,,,,,
DB01104,4,D131300,D164230,D167870,D252320,,,,,,,,,,,,,,,,,,,,,,,,,,,,,,,,,,
DB01105,3,D264120,D303110,D601665,,,,,,,,,,,,,,,,,,,,,,,,,,,,,,,,,,,
DB01106,5,D603165,D605804,D605805,D605844,D607154,,,,,,,,,,,,,,,,,,,,,,,,,,,,,,,,,
DB01110,2,D114580,D212050,,,,,,,,,,,,,,,,,,,,,,,,,,,,,,,,,,,,
DB01113,3,D115000,D179600,D260570,,,,,,,,,,,,,,,,,,,,,,,,,,,,,,,,,,,
DB01114,1,D607154,,,,,,,,,,,,,,,,,,,,,,,,,,,,,,,,,,,,,
DB01115,3,D161900,D179600,D608622,,,,,,,,,,,,,,,,,,,,,,,,,,,,,,,,,,,
DB01118,1,D115000,,,,,,,,,,,,,,,,,,,,,,,,,,,,,,,,,,,,,
DB01120,1,D125853,,,,,,,,,,,,,,,,,,,,,,,,,,,,,,,,,,,,,
DB01122,1,D254200,,,,,,,,,,,,,,,,,,,,,,,,,,,,,,,,,,,,,
DB01124,4,D125850,D125851,D125853,D600496,,,,,,,,,,,,,,,,,,,,,,,,,,,,,,,,,,
DB01125,1,D607554,,,,,,,,,,,,,,,,,,,,,,,,,,,,,,,,,,,,,
DB01128,1,D176807,,,,,,,,,,,,,,,,,,,,,,,,,,,,,,,,,,,,,
DB01129,3,D109350,D190310,D600263,,,,,,,,,,,,,,,,,,,,,,,,,,,,,,,,,,,
DB01132,4,D125850,D125851,D125853,D600496,,,,,,,,,,,,,,,,,,,,,,,,,,,,,,,,,,
DB01133,2,D167320,D602080,,,,,,,,,,,,,,,,,,,,,,,,,,,,,,,,,,,,
DB01136,3,D161900,D607554,D608622,,,,,,,,,,,,,,,,,,,,,,,,,,,,,,,,,,,
DB01137,2,D166760,D208550,,,,,,,,,,,,,,,,,,,,,,,,,,,,,,,,,,,,
DB01142,2,D147530,D603165,,,,,,,,,,,,,,,,,,,,,,,,,,,,,,,,,,,,
DB01143,1,D276300,,,,,,,,,,,,,,,,,,,,,,,,,,,,,,,,,,,,,
DB01144,1,D137760,,,,,,,,,,,,,,,,,,,,,,,,,,,,,,,,,,,,,
DB01146,5,D603165,D605804,D605805,D605844,D607154,,,,,,,,,,,,,,,,,,,,,,,,,,,,,,,,,
DB01148,3,D155100,D231200,D273800,,,,,,,,,,,,,,,,,,,,,,,,,,,,,,,,,,,
DB01151,3,D143465,D147530,D167870,,,,,,,,,,,,,,,,,,,,,,,,,,,,,,,,,,,
DB01156,3,D143465,D167870,D264120,,,,,,,,,,,,,,,,,,,,,,,,,,,,,,,,,,,
DB01157,1,D109100,,,,,,,,,,,,,,,,,,,,,,,,,,,,,,,,,,,,,
DB01161,1,D147530,,,,,,,,,,,,,,,,,,,,,,,,,,,,,,,,,,,,,
DB01162,7,D144110,D147530,D157950,D161900,D200170,D600082,D608622,,,,,,,,,,,,,,,,,,,,,,,,,,,,,,,
DB01165,2,D166760,D600263,,,,,,,,,,,,,,,,,,,,,,,,,,,,,,,,,,,,
DB01167,4,D114580,D212050,D258360,D602068,,,,,,,,,,,,,,,,,,,,,,,,,,,,,,,,,,
DB01169,1,D276300,,,,,,,,,,,,,,,,,,,,,,,,,,,,,,,,,,,,,
DB01170,2,D161900,D608622,,,,,,,,,,,,,,,,,,,,,,,,,,,,,,,,,,,,
DB01173,13,D147530,D157300,D160750,D168600,D168601,D200170,D260300,D556500,D600116,D602404,D606324,D607060,D607688,,,,,,,,,,,,,,,,,,,,,,,,,
DB01174,12,D121200,D121201,D143500,D190310,D208085,D217200,D218800,D226150,D237450,D237500,D308600,D608217,,,,,,,,,,,,,,,,,,,,,,,,,,
DB01175,1,D164230,,,,,,,,,,,,,,,,,,,,,,,,,,,,,,,,,,,,,
DB01176,1,D145590,,,,,,,,,,,,,,,,,,,,,,,,,,,,,,,,,,,,,
DB01177,4,D223350,D247640,D601626,D602439,,,,,,,,,,,,,,,,,,,,,,,,,,,,,,,,,,
DB01181,6,D109543,D151400,D236000,D247640,D273300,D276300,,,,,,,,,,,,,,,,,,,,,,,,,,,,,,,,
DB01182,1,D607554,,,,,,,,,,,,,,,,,,,,,,,,,,,,,,,,,,,,,
DB01185,3,D114480,D215470,D241100,,,,,,,,,,,,,,,,,,,,,,,,,,,,,,,,,,,
DB01186,10,D168100,D168600,D168601,D260300,D556500,D600116,D602404,D606324,D607060,D607688,,,,,,,,,,,,,,,,,,,,,,,,,,,,
DB01188,2,D114580,D125600,,,,,,,,,,,,,,,,,,,,,,,,,,,,,,,,,,,,
DB01189,3,D147530,D161900,D608622,,,,,,,,,,,,,,,,,,,,,,,,,,,,,,,,,,,
DB01192,1,D147530,,,,,,,,,,,,,,,,,,,,,,,,,,,,,,,,,,,,,
DB01193,2,D161900,D608622,,,,,,,,,,,,,,,,,,,,,,,,,,,,,,,,,,,,
DB01194,4,D137750,D137760,D161900,D601682,,,,,,,,,,,,,,,,,,,,,,,,,,,,,,,,,,
DB01195,1,D607554,,,,,,,,,,,,,,,,,,,,,,,,,,,,,,,,,,,,,
DB01196,2,D176807,D601518,,,,,,,,,,,,,,,,,,,,,,,,,,,,,,,,,,,,
DB01197,7,D146255,D161900,D179600,D215140,D600351,D602522,D608622,,,,,,,,,,,,,,,,,,,,,,,,,,,,,,,
DB01200,2,D102300,D168100,,,,,,,,,,,,,,,,,,,,,,,,,,,,,,,,,,,,
DB01202,10,D217200,D239350,D300491,D600131,D604827,D607628,D607631,D607681,D607682,D608105,,,,,,,,,,,,,,,,,,,,,,,,,,,,
DB01203,6,D110100,D157700,D161900,D190300,D190310,D608622,,,,,,,,,,,,,,,,,,,,,,,,,,,,,,,,
DB01204,8,D109543,D126200,D147530,D176807,D236000,D247640,D267730,D601626,,,,,,,,,,,,,,,,,,,,,,,,,,,,,,
DB01210,5,D137750,D155100,D161900,D231200,D273800,,,,,,,,,,,,,,,,,,,,,,,,,,,,,,,,,
DB01214,3,D137750,D137760,D601682,,,,,,,,,,,,,,,,,,,,,,,,,,,,,,,,,,,
DB01216,5,D104130,D109200,D147530,D200170,D600082,,,,,,,,,,,,,,,,,,,,,,,,,,,,,,,,,
DB01217,2,D114480,D174800,,,,,,,,,,,,,,,,,,,,,,,,,,,,,,,,,,,,
DB01219,14,D125310,D126200,D145600,D154275,D154276,D217150,D238800,D540000,D600467,D601042,D601367,D601887,D601888,D607225,,,,,,,,,,,,,,,,,,,,,,,,
DB01221,1,D147530,,,,,,,,,,,,,,,,,,,,,,,,,,,,,,,,,,,,,
DB01222,6,D191390,D208550,D210050,D266600,D600807,D607154,,,,,,,,,,,,,,,,,,,,,,,,,,,,,,,,
DB01223,3,D208550,D210050,D600807,,,,,,,,,,,,,,,,,,,,,,,,,,,,,,,,,,,
DB01224,2,D164230,D181500,,,,,,,,,,,,,,,,,,,,,,,,,,,,,,,,,,,,
DB01225,4,D155100,D188050,D231200,D273800,,,,,,,,,,,,,,,,,,,,,,,,,,,,,,,,,,
DB01228,1,D115000,,,,,,,,,,,,,,,,,,,,,,,,,,,,,,,,,,,,,
DB01229,3,D114480,D148000,D194070,,,,,,,,,,,,,,,,,,,,,,,,,,,,,,,,,,,
DB01231,2,D145590,D156000,,,,,,,,,,,,,,,,,,,,,,,,,,,,,,,,,,,,
DB01232,1,D109100,,,,,,,,,,,,,,,,,,,,,,,,,,,,,,,,,,,,,
DB01233,2,D109350,D157300,,,,,,,,,,,,,,,,,,,,,,,,,,,,,,,,,,,,
DB01234,20,D125600,D133600,D145590,D152700,D153880,D166760,D181000,D188030,D208550,D215140,D223350,D233810,D254400,D276300,D600351,D601608,D603165,D605804,D605805,D605844,,,,,,,,,,,,,,,,,,
DB01235,11,D102300,D168100,D168600,D168601,D260300,D556500,D600116,D602404,D606324,D607060,D607688,,,,,,,,,,,,,,,,,,,,,,,,,,,
DB01237,1,D607154,,,,,,,,,,,,,,,,,,,,,,,,,,,,,,,,,,,,,
DB01238,2,D164230,D181500,,,,,,,,,,,,,,,,,,,,,,,,,,,,,,,,,,,,
DB01240,4,D161900,D178600,D188030,D265400,,,,,,,,,,,,,,,,,,,,,,,,,,,,,,,,,,
DB01241,3,D144010,D144650,D260480,,,,,,,,,,,,,,,,,,,,,,,,,,,,,,,,,,,
DB01242,2,D164230,D167870,,,,,,,,,,,,,,,,,,,,,,,,,,,,,,,,,,,,
DB01244,2,D161900,D608622,,,,,,,,,,,,,,,,,,,,,,,,,,,,,,,,,,,,
DB01246,4,D603165,D605804,D605805,D605844,,,,,,,,,,,,,,,,,,,,,,,,,,,,,,,,,,
DB01248,6,D114480,D137215,D155600,D155601,D176807,D276300,,,,,,,,,,,,,,,,,,,,,,,,,,,,,,,,
DB01250,1,D266600,,,,,,,,,,,,,,,,,,,,,,,,,,,,,,,,,,,,,
DB01254,6,D223350,D247640,D276300,D601626,D602439,D608232,,,,,,,,,,,,,,,,,,,,,,,,,,,,,,,,
DB01255,2,D143465,D300494,,,,,,,,,,,,,,,,,,,,,,,,,,,,,,,,,,,,
DB01258,3,D145500,D161900,D608622,,,,,,,,,,,,,,,,,,,,,,,,,,,,,,,,,,,
DB01259,2,D114480,D276300,,,,,,,,,,,,,,,,,,,,,,,,,,,,,,,,,,,,
DB01260,1,D233810,,,,,,,,,,,,,,,,,,,,,,,,,,,,,,,,,,,,,
DB01261,4,D125850,D125851,D125853,D600496,,,,,,,,,,,,,,,,,,,,,,,,,,,,,,,,,,
DB01262,2,D247200,D601004,,,,,,,,,,,,,,,,,,,,,,,,,,,,,,,,,,,,
DB01267,1,D181500,,,,,,,,,,,,,,,,,,,,,,,,,,,,,,,,,,,,,
DB01268,3,D144700,D605839,D606764,,,,,,,,,,,,,,,,,,,,,,,,,,,,,,,,,,,
DB01275,3,D145500,D161900,D608622,,,,,,,,,,,,,,,,,,,,,,,,,,,,,,,,,,,
DB01283,3,D140600,D165720,D607850,,,,,,,,,,,,,,,,,,,,,,,,,,,,,,,,,,,
DB01291,2,D208550,D600807,,,,,,,,,,,,,,,,,,,,,,,,,,,,,,,,,,,,
DB01296,5,D140600,D165720,D208230,D607459,D607850,,,,,,,,,,,,,,,,,,,,,,,,,,,,,,,,,
DB01320,2,D217200,D239350,,,,,,,,,,,,,,,,,,,,,,,,,,,,,,,,,,,,
DB01327,1,D600803,,,,,,,,,,,,,,,,,,,,,,,,,,,,,,,,,,,,,
DB01351,2,D217200,D239350,,,,,,,,,,,,,,,,,,,,,,,,,,,,,,,,,,,,
DB01356,1,D181500,,,,,,,,,,,,,,,,,,,,,,,,,,,,,,,,,,,,,
DB01359,3,D161900,D234700,D608622,,,,,,,,,,,,,,,,,,,,,,,,,,,,,,,,,,,
DB01364,2,D208550,D600807,,,,,,,,,,,,,,,,,,,,,,,,,,,,,,,,,,,,
DB01367,2,D168100,D168600,,,,,,,,,,,,,,,,,,,,,,,,,,,,,,,,,,,,
DB01390,1,D233100,,,,,,,,,,,,,,,,,,,,,,,,,,,,,,,,,,,,,
DB01394,1,D249100,,,,,,,,,,,,,,,,,,,,,,,,,,,,,,,,,,,,,
DB01395,2,D184700,D604416,,,,,,,,,,,,,,,,,,,,,,,,,,,,,,,,,,,,
DB01399,5,D140600,D145590,D147530,D165720,D607850,,,,,,,,,,,,,,,,,,,,,,,,,,,,,,,,,
DB01400,2,D157950,D254200,,,,,,,,,,,,,,,,,,,,,,,,,,,,,,,,,,,,
DB01403,1,D147530,,,,,,,,,,,,,,,,,,,,,,,,,,,,,,,,,,,,,
DB01406,5,D106100,D131200,D215140,D600351,D601608,,,,,,,,,,,,,,,,,,,,,,,,,,,,,,,,,
DB01410,6,D208550,D603165,D605804,D605805,D605844,D607154,,,,,,,,,,,,,,,,,,,,,,,,,,,,,,,,
DB01427,1,D212110,,,,,,,,,,,,,,,,,,,,,,,,,,,,,,,,,,,,,
DB01440,2,D161400,D605841,,,,,,,,,,,,,,,,,,,,,,,,,,,,,,,,,,,,
DB01551,1,D608088,,,,,,,,,,,,,,,,,,,,,,,,,,,,,,,,,,,,,
DB01576,2,D136200,D143465,,,,,,,,,,,,,,,,,,,,,,,,,,,,,,,,,,,,
DB01577,4,D143465,D264120,D303110,D601665,,,,,,,,,,,,,,,,,,,,,,,,,,,,,,,,,,
DB01579,3,D264120,D303110,D601665,,,,,,,,,,,,,,,,,,,,,,,,,,,,,,,,,,,
DB01590,2,D144700,D605839,,,,,,,,,,,,,,,,,,,,,,,,,,,,,,,,,,,,
DB01611,5,D152700,D601744,D605218,D605480,D608437,,,,,,,,,,,,,,,,,,,,,,,,,,,,,,,,,
DB01620,5,D603165,D605804,D605805,D605844,D607154,,,,,,,,,,,,,,,,,,,,,,,,,,,,,,,,,
DB01623,1,D181500,,,,,,,,,,,,,,,,,,,,,,,,,,,,,,,,,,,,,
DB01628,3,D140600,D165720,D607850,,,,,,,,,,,,,,,,,,,,,,,,,,,,,,,,,,,
DB02546,2,D254400,D276300,,,,,,,,,,,,,,,,,,,,,,,,,,,,,,,,,,,,
DB04571,1,D193200,,,,,,,,,,,,,,,,,,,,,,,,,,,,,,,,,,,,,
DB04844,1,D143100,,,,,,,,,,,,,,,,,,,,,,,,,,,,,,,,,,,,,
DB04861,4,D110100,D157700,D161900,D608622,,,,,,,,,,,,,,,,,,,,,,,,,,,,,,,,,,
DB04865,1,D608232,,,,,,,,,,,,,,,,,,,,,,,,,,,,,,,,,,,,,
DB04868,1,D608232,,,,,,,,,,,,,,,,,,,,,,,,,,,,,,,,,,,,,
DB05271,10,D102300,D168600,D168601,D260300,D556500,D600116,D602404,D606324,D607060,D607688,,,,,,,,,,,,,,,,,,,,,,,,,,,,
DB06196,1,D106100,,,,,,,,,,,,,,,,,,,,,,,,,,,,,,,,,,,,,
DB06201,1,D606369,,,,,,,,,,,,,,,,,,,,,,,,,,,,,,,,,,,,,
DB06268,2,D178600,D265400,,,,,,,,,,,,,,,,,,,,,,,,,,,,,,,,,,,,
DB06287,2,D144700,D605839,,,,,,,,,,,,,,,,,,,,,,,,,,,,,,,,,,,,
DB06718,1,D106100,,,,,,,,,,,,,,,,,,,,,,,,,,,,,,,,,,,,,
DB06803,1,D181460,,,,,,,,,,,,,,,,,,,,,,,,,,,,,,,,,,,,,
DB08799,4,D603165,D605804,D605805,D605844,,,,,,,,,,,,,,,,,,,,,,,,,,,,,,,,,,
DB08800,5,D603165,D605804,D605805,D605844,D607154,,,,,,,,,,,,,,,,,,,,,,,,,,,,,,,,,
DB08801,5,D603165,D605804,D605805,D605844,D607154,,,,,,,,,,,,,,,,,,,,,,,,,,,,,,,,,
DB08802,4,D603165,D605804,D605805,D605844,,,,,,,,,,,,,,,,,,,,,,,,,,,,,,,,,,
DB08803,4,D603165,D605804,D605805,D605844,,,,,,,,,,,,,,,,,,,,,,,,,,,,,,,,,,
DB08804,2,D106100,D202400,,,,,,,,,,,,,,,,,,,,,,,,,,,,,,,,,,,,
DB08820,1,D219700,,,,,,,,,,,,,,,,,,,,,,,,,,,,,,,,,,,,,
DB08824,2,D190300,D602134,,,,,,,,,,,,,,,,,,,,,,,,,,,,,,,,,,,,
DB08835,4,D603165,D605804,D605805,D605844,,,,,,,,,,,,,,,,,,,,,,,,,,,,,,,,,,
DB08896,1,D606764,,,,,,,,,,,,,,,,,,,,,,,,,,,,,,,,,,,,,
DB08901,3,D601626,D602439,D608232,,,,,,,,,,,,,,,,,,,,,,,,,,,,,,,,,,,
DB08906,5,D603165,D605804,D605805,D605844,D607154,,,,,,,,,,,,,,,,,,,,,,,,,,,,,,,,,
DB08907,10,D125852,D222100,D300136,D600319,D601208,D601318,D601666,D601941,D601942,D603266,,,,,,,,,,,,,,,,,,,,,,,,,,,,
